lr-AdamW,step,loss,epoch
0.0001,49,,
,49,5.88931941986084,0
0.0001,99,,
,99,5.727693557739258,0
